Locality,Total Restaurants,Average Rating,Average Price Range
Connaught Place,122,3.6868852459016392,2.598360655737705
Rajouri Garden,99,3.591919191919192,2.202020202020202
Shahdara,87,1.4137931034482758,1.1379310344827587
Defence Colony,86,3.21046511627907,1.930232558139535
Pitampura,85,2.8705882352941177,1.4705882352941178
Malviya Nagar,85,3.4282352941176466,1.776470588235294
Mayur Vihar Phase 1,84,2.026190476190476,1.2976190476190477
Rajinder Nagar,81,2.94320987654321,1.4320987654320987
Safdarjung,80,2.80125,1.675
Satyaniketan,79,3.4822784810126586,1.620253164556962
Krishna Nagar,77,1.9000000000000001,1.2727272727272727
Sector 62,76,1.9552631578947368,1.4210526315789473
Karol Bagh,76,3.0710526315789473,1.5657894736842106
Sector 18,75,3.3706666666666667,2.1333333333333333
Hauz Khas,74,2.5067567567567566,1.5405405405405406
Kalkaji,73,2.989041095890411,1.3835616438356164
Sector 15,71,2.6154929577464787,1.380281690140845
DLF Phase 3,69,3.201449275362319,1.434782608695652
Mahipalpur,69,1.0724637681159421,1.463768115942029
Mukherjee Nagar,68,1.061764705882353,1.0735294117647058
Shalimar Bagh,67,2.1701492537313434,1.2238805970149254
Chandni Chowk,67,2.7567164179104475,1.1194029850746268
Greater Kailash (GK) 1,66,3.696969696969697,2.212121212121212
Greater Kailash (GK) 2,66,3.553030303030303,2.1818181818181817
Kamla Nagar,65,3.295384615384615,1.4461538461538461
Delhi University-GTB Nagar,65,2.7384615384615385,1.4615384615384615
Paharganj,64,2.8109375,1.6875
MG Road,63,1.6095238095238096,1.6984126984126984
Vasundhara Enclave,62,0.8370967741935483,1.096774193548387
Jail Road,61,2.5590163934426227,1.2131147540983607
Sector 72,61,1.2918032786885245,1.4426229508196722
Tilak Nagar,61,1.4098360655737705,1.1639344262295082
Vikaspuri,60,2.8633333333333337,1.35
Palam,60,0.58,1.2
Punjabi Bagh,60,3.393333333333333,1.9
Najafgarh,60,0.04833333333333333,1.0666666666666667
Sector 56,59,1.6898305084745764,1.4067796610169492
Uttam Nagar,59,1.723728813559322,1.0847457627118644
Laxmi Nagar,58,2.779310344827586,1.3275862068965518
Jangpura,57,1.9140350877192982,1.3333333333333333
Dilshad Garden,57,1.7105263157894737,1.3333333333333333
East of Kailash,56,1.4285714285714286,1.3571428571428572
Kirti Nagar,56,3.0910714285714285,1.7678571428571428
Paschim Vihar,56,3.148214285714286,1.3928571428571428
Naraina,54,1.4481481481481482,1.1481481481481481
Sector 110,53,2.0490566037735847,1.6415094339622642
Sector 14,52,2.598076923076923,1.4230769230769231
Sector 31,52,2.373076923076923,1.3653846153846154
Subhash Nagar,51,1.0686274509803921,1.1176470588235294
East Patel Nagar,50,2.648,1.52
Preet Vihar,49,1.9183673469387754,1.3673469387755102
Palam Vihar,49,0.9836734693877551,1.3061224489795917
Rohini,48,3.3520833333333333,1.5416666666666667
Netaji Subhash Place,48,3.529166666666667,1.6458333333333333
Sector 41,48,2.1666666666666665,1.5416666666666667
IP Extension,47,1.823404255319149,1.297872340425532
Sector 29,47,3.570212765957447,2.574468085106383
New Friends Colony,47,2.2617021276595746,1.574468085106383
Green Park,46,2.4347826086956523,1.826086956521739
Janakpuri,46,3.3152173913043477,1.7391304347826086
Chittaranjan Park,46,2.45,1.5217391304347827
Vijay Nagar,46,3.6630434782608696,1.8043478260869565
Sector 37,45,2.3377777777777777,1.3555555555555556
Khan Market,44,3.715909090909091,2.7045454545454546
Sector 132,43,0.958139534883721,1.3953488372093024
Munirka,43,1.5558139534883721,1.255813953488372
Daryaganj,43,1.8348837209302327,1.372093023255814
Anand Vihar,42,2.1095238095238096,1.380952380952381
Civil Lines,42,2.9476190476190474,2.1666666666666665
Lajpat Nagar 1,42,1.4142857142857141,1.2380952380952381
Sohna Road,42,3.261904761904762,1.880952380952381
Old Railway Road,41,2.714634146341463,1.4146341463414633
South Extension 2,41,2.760975609756098,1.7560975609756098
"Cyber Hub, DLF Cyber City",41,3.860975609756098,2.8048780487804876
Nangloi,41,0.0,1.024390243902439
Moti Nagar,40,1.8524999999999998,1.4
Sector 45,40,1.4975,1.35
Janpath,39,3.0230769230769234,2.2051282051282053
Gujranwala Town,39,2.0153846153846153,1.358974358974359
GTB Nagar,38,1.5921052631578947,1.5263157894736843
R K Puram,38,1.3368421052631578,1.3421052631578947
Greater Noida,38,1.8631578947368421,1.5263157894736843
Sector 50,37,2.4027027027027024,1.7027027027027026
"The Great India Place, Sector 38",37,2.6459459459459462,2.0
Udyog Vihar,37,1.0621621621621622,1.4864864864864864
Saket,36,2.8944444444444444,1.6944444444444444
Ashok Vihar Phase 1,36,1.7166666666666666,1.3611111111111112
Vivek Vihar,36,1.9805555555555554,1.1944444444444444
Tagore Garden,36,1.913888888888889,1.3333333333333333
Vasant Vihar,36,2.1805555555555554,1.5555555555555556
Sainik Farms,35,0.7857142857142857,1.1428571428571428
Geeta Colony,34,1.3588235294117648,1.2058823529411764
Chanakyapuri,32,2.7,1.84375
Mayur Vihar Phase 3,32,1.840625,1.28125
Alaknanda,32,2.346875,1.375
Nehru Place,32,2.496875,1.53125
Sector 17,31,0.9580645161290322,1.3548387096774193
Lodhi Colony,31,3.1838709677419357,2.032258064516129
"DLF Mall of India, Sector 18,  Noida",31,3.8419354838709676,2.225806451612903
Sector 12,30,1.3733333333333335,1.4333333333333333
Sushant Lok,30,2.9133333333333336,1.7666666666666666
"Logix City Centre, Sector 32, Noida",30,1.9133333333333333,1.5666666666666667
Mayur Vihar Phase 2,29,2.810344827586207,1.2413793103448276
Sector 16,28,1.8357142857142856,1.3571428571428572
Sector 51,28,1.2357142857142858,1.6071428571428572
"Pacific Mall, Tagore Garden",27,2.7222222222222223,1.7407407407407407
Golf Course Road,27,3.559259259259259,2.4444444444444446
Shakarpur,27,0.7629629629629631,1.1481481481481481
DLF Phase 1,27,2.855555555555555,1.7777777777777777
Sarita Vihar,26,1.5,1.2307692307692308
"V3S Mall, Laxmi Nagar",26,2.819230769230769,1.7692307692307692
Jama Masjid,26,2.465384615384615,1.1923076923076923
Shahpur Jat,26,3.715384615384615,2.230769230769231
Sector 27,26,2.1846153846153844,1.1538461538461537
Yusuf Sarai,25,1.9680000000000002,1.24
Majnu ka Tila,25,0.496,1.32
"Unitech Infospace, Sector 21, Gurgaon",25,2.832,1.64
Model Town 2,25,3.2560000000000002,1.48
"Select Citywalk Mall, Saket",25,3.764,2.2
Sector 7,24,2.904166666666667,1.5
Hauz Khas Village,24,3.845833333333333,2.7916666666666665
"MGF Metropolitan Mall, MG Road",24,3.2416666666666667,2.125
Sector 21,24,1.2791666666666666,1.25
Karkardooma,23,3.4826086956521736,1.8695652173913044
Qutab Institutional Area,23,0.3782608695652174,1.2173913043478262
Sector 39,23,0.6695652173913044,1.434782608695652
Sector 44,23,1.7695652173913046,1.5217391304347827
Vasant Kunj,23,3.526086956521739,2.260869565217391
"Moments Mall, Kirti Nagar",23,3.2347826086956526,1.6956521739130435
Lajpat Nagar 2,22,3.1045454545454545,1.9545454545454546
Kailash Colony,22,2.0681818181818183,1.6818181818181819
DLF Phase 4,21,3.804761904761905,2.1904761904761907
"Epicuria Food Mall, Nehru Place",21,3.338095238095238,2.142857142857143
Jasola,21,3.0,1.8095238095238095
"Dilli Haat, INA",20,3.225,1.35
Sector 53,20,1.3199999999999998,1.45
Pandav Nagar,20,0.29,1.15
Dubuque,20,3.535,1.9
Mehrauli,20,0.585,1.2
Athens,20,4.2,1.6
Valdosta,20,3.715,2.25
Columbus,19,4.010526315789474,2.1052631578947367
Ardee City,19,0.47368421052631576,1.4736842105263157
Lodhi Road,19,2.4210526315789473,1.6842105263157894
"Supertech Shopprix Mall, Sector 61",19,2.5157894736842104,2.1052631578947367
Suraj Kund,19,1.5421052631578949,1.4736842105263157
Sioux City,18,3.783333333333333,1.7222222222222223
Sector 22,18,0.6388888888888888,1.1666666666666667
"Community Centre, New Friends Colony",18,2.927777777777778,1.7222222222222223
Sector 93,18,2.0833333333333335,1.4444444444444444
Boise,18,4.266666666666667,2.0
Savannah,18,4.188888888888889,2.388888888888889
"Sushant Shopping Arcade, Sushant Lok, Gurgaon",18,3.1944444444444446,1.7222222222222223
"Vyapar Kendra, Sushant Lok",17,2.9529411764705884,1.2941176470588236
"Supermart 1, DLF Phase 4",17,3.7529411764705882,1.8823529411764706
"DLF Galleria, DLF Phase 4",17,3.5823529411764703,1.8823529411764706
"Shipra Mall, Indirapuram",17,3.0294117647058822,2.0588235294117645
Prashant Vihar,17,1.6235294117647059,1.3529411764705883
Albany,16,3.5625,1.875
Pocatello,16,3.45625,1.875
Barakhamba Road,16,2.40625,1.4375
"Spice World Mall, Sector 25",16,1.90625,1.9375
"DLF Mega Mall, DLF Phase 1",15,2.8066666666666666,1.9333333333333333
Lawrence Road,15,1.9866666666666668,1.2666666666666666
Sector 10,15,1.6466666666666667,1.4
Augusta,15,4.14,2.2666666666666666
"DLF South Point Mall, Golf Course Road",15,3.7066666666666666,2.533333333333333
Mayapuri Phase 2,15,2.5,1.1333333333333333
"Basant Lok Market, Vasant Vihar",15,3.2199999999999998,2.2
Te Aro,15,4.3,3.1333333333333333
Davenport,15,3.546666666666667,2.0
SDA,15,2.7933333333333334,1.6666666666666667
Sector 34,15,1.9733333333333334,1.5333333333333334
Ashok Vihar Phase 2,14,3.3785714285714286,2.0714285714285716
"Gardens Galleria, Sector 38 Noida",14,1.8857142857142857,2.0714285714285716
Zakir Nagar,14,0.0,1.2142857142857142
Sector 43,14,1.5785714285714287,1.4285714285714286
"Worldmark 1, Aerocity",14,1.1500000000000001,1.8571428571428572
"Jaipuria Plaza, Sector 26, Noida",13,2.9692307692307693,1.5384615384615385
"DLF Promenade Mall, Vasant Kunj",13,3.7615384615384615,1.6153846153846154
"Living Style Mall, Jasola",13,2.9846153846153842,1.7692307692307692
Sector 38,13,1.9769230769230768,1.5384615384615385
Sector 58,13,1.1538461538461537,1.3076923076923077
Adchini,13,3.2923076923076926,2.0
PVR Anupam Complex,13,3.430769230769231,2.076923076923077
Cedar Falls,13,3.646153846153846,1.7692307692307692
Sarojini Nagar,13,1.5307692307692307,1.1538461538461537
South Extension 1,13,2.169230769230769,1.6153846153846154
"Qutab Plaza, DLF Phase 1",13,3.1076923076923078,1.5384615384615385
Sector 11,12,2.2916666666666665,1.5833333333333333
Chawri Bazar,12,3.8000000000000003,1.0
Pensacola,12,4.2,2.25
Sector 23,12,2.1750000000000003,1.8333333333333333
"Crown Interiorz Mall, Sector 35, Faridabad",12,2.5666666666666664,2.0833333333333335
"Ambience Mall, Vasant Kunj",12,3.4250000000000003,2.4166666666666665
Gomti Nagar,12,4.116666666666666,2.5
Sector 63,12,0.43333333333333335,1.25
"DLF Place Mall, Saket",12,3.6999999999999997,2.0833333333333335
Sector 28,11,2.5454545454545454,1.3636363636363635
Sector 86,11,3.1727272727272724,1.7272727272727273
Ashok Vihar Phase 3,11,3.3909090909090907,1.6363636363636365
Nizamuddin,10,2.56,1.3
Sector 48,10,2.29,1.5
Model Town 3,10,3.0100000000000002,1.4
DLF Phase 2,10,0.38,1.3
Pandara Road Market,10,3.8600000000000003,2.4
"Central Plaza Mall, Golf Course Road",10,3.5,2.0
JNU,10,2.5100000000000002,1.2
Patia,9,3.888888888888889,1.4444444444444444
Sector 2,9,1.0,1.6666666666666667
Race Course,9,3.9111111111111114,2.4444444444444446
Warner Robins,9,3.922222222222222,1.7777777777777777
Iowa City,9,4.188888888888889,2.111111111111111
Lado Sarai,9,0.7333333333333333,1.6666666666666667
"The Imperial, Janpath",9,3.5999999999999996,3.7777777777777777
Bhikaji Cama Place,9,2.7555555555555555,1.6666666666666667
Macon,9,4.366666666666666,2.2222222222222223
Sector 35,9,2.2,1.6666666666666667
Badarpur Border,9,1.911111111111111,1.1111111111111112
"Palate of Delhi, Chanakyapuri",9,0.7111111111111111,1.6666666666666667
"Vasant Square Mall, Vasant Kunj",9,3.322222222222222,2.0
Old Town,9,3.933333333333333,2.5555555555555554
White Town,8,3.625,3.0
"Ansal Plaza Mall, Khel Gaon Marg",8,3.75,2.875
South City 2,8,1.0875,1.5
Vadiwadi,8,4.075,2.375
Okhla Phase 1,8,0.4125,1.125
Tajganj,8,4.05,2.375
Narela,8,0.0,1.25
Cedar Rapids,8,4.125,2.0
"The India Mall, New Friends Colony",8,2.6,1.75
"Ganga Shopping Complex, Sector 29",8,2.8125,2.0
Dalton,8,4.0375,1.5
"Cross Point Mall, DLF Phase 4",8,3.9125,2.875
Sector 125,8,2.175,1.25
Alkapuri,8,4.1,2.75
Rajendra Place,8,1.7875,2.125
Patparganj,8,3.1875,1.5
"The Lalit New Delhi, Barakhamba Road",8,3.5375,3.625
"One Horizon Center, Golf Course Road",8,3.5625,2.5
Town Hall,8,3.8499999999999996,2.0
College Road,8,3.45,2.625
"DT City Centre Mall, MG Road",7,3.042857142857143,2.2857142857142856
"DLF South Square, Sarojini Nagar",7,2.557142857142857,1.7142857142857142
"The Taj Mahal Hotel, Mansingh Road",7,3.7857142857142856,4.0
Sunder Nagar,7,3.1714285714285713,2.857142857142857
Jubilee Hills,7,4.385714285714285,3.0
Waterloo,7,3.6571428571428575,1.7142857142857142
Sector 71,7,0.8571428571428571,1.2857142857142858
"Vyapar Kendra, Palam Vihar",7,2.4285714285714284,1.1428571428571428
Sector 59,7,1.6285714285714286,1.2857142857142858
"Star City Mall, Mayur Vihar Phase 1",7,2.9857142857142853,2.142857142857143
Waikiki,7,4.314285714285715,2.4285714285714284
"Huda City Centre Metro Station, Sector 29, Gurgaon",7,3.557142857142857,1.8571428571428572
"The Claridges, Aurangzeb Road",7,3.7142857142857144,3.857142857142857
"Kollupitiya, Colombo 03",7,3.914285714285714,2.857142857142857
Sector 8,7,2.5285714285714285,1.2857142857142858
"Global Foyer Mall, Golf Course Road",7,3.642857142857143,2.7142857142857144
"MSX Mall, Greater Noida",7,2.6,1.2857142857142858
"Sangam Courtyard, RK Puram",7,3.871428571428571,3.2857142857142856
Chander Nagar,7,3.085714285714286,1.2857142857142858
Balmatta,7,3.7142857142857144,2.2857142857142856
CIDCO,7,3.3285714285714287,2.2857142857142856
India Gate,6,1.6833333333333333,1.1666666666666667
"Hyatt Regency, Bhikaji Cama Place",6,3.8000000000000003,3.8333333333333335
"Radisson Blu Plaza Delhi, Mahipalpur",6,3.9499999999999997,3.6666666666666665
Sector 25,6,2.0166666666666666,1.5
Okhla Phase 2,6,2.1166666666666667,1.6666666666666667
Indiranagar,6,4.316666666666666,3.0
"Hotel The Royal Plaza, Janpath",6,3.4166666666666665,4.0
Sector 19,6,2.1166666666666667,1.5
Downtown,6,4.2,2.3333333333333335
Gainesville,6,4.333333333333333,1.6666666666666667
"District Centre, Janakpuri",6,2.9499999999999997,2.0
"ITC Maurya, Chanakyapuri",6,3.733333333333333,3.6666666666666665
Sector 65,6,1.0,1.3333333333333333
"Le Meridien, Janpath",6,3.6666666666666665,4.0
Sector 47,6,1.0666666666666667,1.3333333333333333
"MGM Club, Daryaganj",6,0.5333333333333333,3.5
Asa Sul,6,2.966666666666667,2.8333333333333335
"The Ashok, Chanakyapuri",6,3.5333333333333337,3.5
C Scheme,6,4.233333333333333,2.6666666666666665
"Shopping Mall, DLF Phase 1",6,3.3666666666666667,1.3333333333333333
Charmwood Village,6,1.4666666666666668,1.0
Wazirpur,6,2.033333333333333,1.0
Sector 9,6,1.2166666666666668,1.6666666666666667
"MGF Metropolis Mall, MG Road",6,3.1999999999999997,1.6666666666666667
Lalpur,6,3.4499999999999997,1.6666666666666667
Greater Kailash (GK) 3,5,3.4200000000000004,2.0
Pensacola Beach,5,4.0600000000000005,2.8
Bajaj Nagar,5,3.8599999999999994,1.6
"DT Mega Mall, DLF Phase 1",5,3.3600000000000003,2.2
"Main Market, Sarabha Nagar",5,4.08,2.6
"Eros Hotel, Nehru Place",5,3.72,3.4
Bettendorf,5,4.220000000000001,2.0
"Ansal Plaza Mall, Greater Noida",5,2.52,1.8
Uzan Bazaar,5,4.02,2.0
Arera Colony,5,3.94,1.6
"Jaypee Vasant Continental, Vasant Vihar",5,3.4,3.6
"Shangri La's - Eros hotel, Janpath",5,3.88,4.0
"Spark Mall, Kamla Nagar",5,3.3200000000000003,1.6
Indirapuram,5,2.66,1.2
"Tulip Mall, Sector 48, Noida",5,0.52,1.6
Sector 3,5,1.94,1.2
Bodakdev,5,4.34,2.4
Sector 33,5,1.92,1.0
"Unity One Mall, Janakpuri",5,3.2600000000000002,1.4
"Unitech Cyber Park, Sector 39, Gurgaon",5,2.06,1.6
Hyde Park,5,4.26,3.0
"D Mall, Netaji Subhash Place",5,3.4799999999999995,2.2
"DLF City Centre Mall, Shalimar Bagh",5,2.58,1.4
"Elante Mall, Chandigarh Industrial Area",5,4.12,3.0
"Aggarwal City Plaza, Rohini",5,3.04,1.8
DLF Cyber City,5,3.46,2.4
Rajpur,5,4.18,3.4
"Cross River Mall, Karkardooma",5,3.3200000000000003,2.0
Lahaina,5,4.36,2.0
Ranjit Avenue,5,3.56,2.0
Sector 49,5,1.94,1.2
Winter Park,5,4.26,2.4
Peelamedu,5,3.9200000000000004,2.2
Sector 52,5,1.22,1.2
Moti Bagh,5,3.18,1.6
"JMD Kohinoor Mall, Greater Kailash",5,3.38,1.6
Sector 61,5,1.3,1.2
Maharana Pratap Nagar,5,3.84,2.0
"The Leela Palace, Chanakyapuri",5,3.78,4.0
"MGF Metropolitan Mall, Saket",5,3.6399999999999997,3.4
Sector 26,5,3.0799999999999996,2.0
Sector 30,5,3.04,2.0
Golambar,4,3.425,2.0
Ballygunge,4,4.325,3.0
Northern Quarter,4,4.275,2.75
"The Taj Palace Hotel, Chanakyapuri",4,3.8,3.75
Nirala Bazar,4,3.425,2.0
New Town,4,4.025,3.25
Koregaon Park,4,4.25,2.5
Ashok Nagar,4,3.85,2.5
Park Street Area,4,4.225,2.75
Panchsheel Park,4,3.525,1.75
Helen,4,3.475,1.75
Zoo Tiniali,4,4.225,2.25
"Aditya Mega Mall, Karkardooma",4,3.275,2.25
"Park Plaza, Sushant Lok",4,3.5,3.75
Aerocity,4,1.6,2.0
West Patel Nagar,4,3.675,1.25
Kihei,4,4.35,2.5
Leith,4,4.55,3.25
Piplod,4,4.05,3.0
Vesu,4,3.6,2.75
"Ansal Plaza Mall, Palam Vihar",4,2.25,1.0
"MGF Mega City Mall, MG Road",4,3.65,3.0
Asa Norte,4,3.575,2.0
"The Suryaa New Delhi, New Friends Colony",4,3.425,3.5
Mall Road,4,3.925,2.0
"Centre Stage Mall, Sector 18",4,3.1,3.25
"Crescent Square Mall, Rohini",4,3.15,2.25
Sikandarpur,4,0.0,1.0
Evans,4,4.075,2.0
Christian Basti,4,4.275,3.25
Satpur,4,3.425,2.5
"Cinnamon Gardens, Colombo 07",4,3.825,3.0
"Jaypee Greens Golf & Spa Resort, Surajpur",4,3.25,3.25
Panaji,4,4.475,3.5
INA,4,2.4,1.5
Sector 5,4,2.525,1.0
ITO,4,3.25,1.25
Brahmaputra Shopping Complex,4,3.525,1.0
I-Drive/Universal,4,4.475,3.5
Downtown St Petersburg,4,4.225,2.0
Mandi House,4,1.625,1.25
Delhi Cantt.,4,0.0,1.25
Dahlonega,4,4.05,1.5
The Leela Ambience Convention Hotel,4,3.775,4.0
Karak�_y,4,4.4,2.5
DLF Phase 5,4,3.675,1.25
NIT,4,0.0,1.5
Chandrasekharpur,4,4.25,2.25
Sector 46,4,2.3,1.5
"Crown Plaza Mall, Sector 15, Faridabad",4,2.925,1.75
Fraser Road Area,4,3.475,2.75
"Hong Kong Bazaar Mall, Sector 57, Gurgaon",3,3.0,1.6666666666666667
Itaim Bibi,3,2.8333333333333335,3.0
Mt Eden,3,4.166666666666667,3.0
Lanka,3,3.4,2.6666666666666665
Ipanema,3,4.7,3.6666666666666665
Jakhan,3,4.3999999999999995,3.0
"Leisure Inn, Sector 14, Gurgaon",3,3.0,3.0
"Le Meridien Gurgaon, MG Road",3,3.6999999999999997,3.6666666666666665
"Hotel Saffron Kiran, Faridabad",3,0.0,3.0
Jardim Paulista,3,3.733333333333333,4.0
Omaxe Gurgaon Mall,3,3.3666666666666667,1.6666666666666667
Karampura,3,3.533333333333333,1.3333333333333333
"Maidens Hotel, Civil Lines",3,3.1333333333333333,4.0
Kapitolyo,3,4.633333333333334,3.0
Malad West,3,4.333333333333333,2.3333333333333335
Kanka,3,3.266666666666667,1.6666666666666667
Kalyani Nagar,3,4.2,3.0
Kakkanad,3,3.8000000000000003,2.0
"Marina Centre, Downtown Core",3,3.5666666666666664,3.6666666666666665
Kadri,3,3.6999999999999997,2.6666666666666665
"Hotel Golf View, Sector 37, Noida",3,1.0,3.3333333333333335
Najda,3,4.1000000000000005,2.6666666666666665
INA Colony,3,3.5,1.6666666666666667
Kacheripady,3,4.066666666666666,2.0
"Metro Walk Mall, Rohini",3,3.1333333333333333,2.6666666666666665
Lower Parel,3,4.133333333333334,2.6666666666666665
Jayalakhsmipuram,3,3.8333333333333335,2.6666666666666665
New Palasia,3,4.033333333333334,2.6666666666666665
Lodipur,3,3.4,2.6666666666666665
Koramangala 5th Block,3,4.5,2.3333333333333335
Hindpiri,3,3.5666666666666664,1.3333333333333333
Lalbagh,3,3.966666666666667,2.3333333333333335
Panampilly Nagar,3,4.033333333333333,2.0
"The Dubai Mall,Downtown Dubai",3,4.066666666666666,3.0
Bhelupur,3,3.5,2.3333333333333335
"Taj Vivanta, Khan Market",3,3.6333333333333333,4.0
TT Nagar,3,4.0,2.3333333333333335
"TDI Mall, Rajouri Garden",3,3.5,2.3333333333333335
Swaroop Nagar,3,3.6999999999999997,2.3333333333333335
Britomart,3,4.566666666666666,2.3333333333333335
Brooklyn,3,4.3999999999999995,4.0
"Bullring Shopping Centre, Southside",3,3.8333333333333335,2.3333333333333335
CBD,3,4.1000000000000005,2.6666666666666665
Sri Krishnapuri,3,3.3333333333333335,2.0
Spinningfields,3,4.333333333333333,2.6666666666666665
Hazratganj,3,4.166666666666667,2.3333333333333335
Sitabuldi,3,3.7000000000000006,3.0
Chamrajpura,3,3.6666666666666665,2.3333333333333335
"Sheraton New Delhi Hotel, Saket",3,4.066666666666666,4.0
Seminole Heights,3,4.433333333333334,2.3333333333333335
City Light,3,4.133333333333333,2.3333333333333335
"City Square Mall, Rajouri Garden",3,3.1666666666666665,3.3333333333333335
Sector 60,3,0.0,1.3333333333333333
Sector 57,3,2.0,1.3333333333333333
Copacabana,3,4.466666666666667,3.3333333333333335
"The Bristol Hotel, DLF Phase 1",3,3.1666666666666665,4.0
"Bellagio, Ashok Vihar Phase 2",3,3.3000000000000003,3.0
Sector 42,3,0.0,1.3333333333333333
"The Park, Connaught Place",3,3.4666666666666663,4.0
�guas Claras,3,3.6666666666666665,3.6666666666666665
Abu Shagara,3,3.933333333333333,3.3333333333333335
Adajan Gam,3,3.933333333333333,2.6666666666666665
"Aggarwal City Mall, Pitampura",3,3.033333333333333,2.3333333333333335
Agra Cantt,3,3.6666666666666665,2.3333333333333335
White Avenue,3,3.7999999999999994,2.0
Wellington Central,3,4.033333333333333,4.0
Waterkloof,3,4.166666666666667,3.0
Al Majaz,3,4.033333333333333,3.3333333333333335
Velachery,3,4.5,2.6666666666666665
Anand Wali Goan,3,3.6666666666666665,3.0
Anjuna,3,4.566666666666666,3.6666666666666665
University City,3,4.166666666666667,3.3333333333333335
Asaf Ali Road,3,2.033333333333333,1.3333333333333333
Athwa,3,4.033333333333334,2.3333333333333335
Uday Park,3,3.733333333333333,2.0
"Two Horizon Center, Golf Course Road",3,3.6666666666666665,3.0
Baga,3,4.1000000000000005,4.0
"The Westin Gurgaon, Sector 29",3,3.8666666666666667,4.0
"The Village Restaurant Complex, Khel Gaon Marg",3,3.8333333333333335,3.3333333333333335
"The Uppal, Aerocity",3,3.0666666666666664,3.3333333333333335
"DB City, Maharana Pratap Nagar",3,4.033333333333333,2.6666666666666665
Calhoun,3,4.166666666666667,1.6666666666666667
"SM Megamall, Ortigas, Mandaluyong City",3,4.7,3.6666666666666665
Parkhurst,3,4.066666666666666,4.0
"Roseate House, Aerocity",3,2.1666666666666665,3.6666666666666665
"Fun City Mall, Prashant Vihar",3,0.0,1.3333333333333333
Gurdev Nagar,3,3.9,2.6666666666666665
Ringgold,3,4.2,1.0
Gokulam,3,3.6333333333333333,2.0
"Raheja Mall, Sohna Road",3,2.8333333333333335,2.0
Green Point,3,3.733333333333333,3.3333333333333335
Fort Oglethorpe,3,4.366666666666666,1.6666666666666667
Essex Farms,3,3.5,2.3333333333333335
"Pride Plaza Hotel, Aerocity",3,1.0333333333333334,3.3333333333333335
"Parsavnath City Mall, Sector 12, Faridabad",3,2.0,1.6666666666666667
Sector 20,3,1.8666666666666665,1.3333333333333333
"Harsha Mall, Greater Noida",3,2.9,1.6666666666666667
Hathibarkala Salwala,3,4.0,3.3333333333333335
Gazi Osman Pa��a,3,4.466666666666667,3.6666666666666665
"Park Plaza Hotel, Sector 55, Noida",3,3.5666666666666664,3.3333333333333335
Dharampeth,3,3.9333333333333336,2.0
Dashaswmedh Road,3,3.6666666666666665,1.6666666666666667
Flowery Branch,3,4.066666666666666,2.0
Pragati Maidan,2,3.9,2.0
"Upper St Martin's Lane, Covent Garden",2,4.5,2.5
Usmanpura,2,3.3,2.0
"Premier Inn, Shalimar Bagh",2,3.05,4.0
Umm Ghuwailina,2,4.2,4.0
Sector 4,2,1.65,1.5
Ulubari,2,4.25,3.5
Nungambakkam,2,4.4,3.0
"Logix Cyber Park, Sector 62, Noida",2,0.0,1.0
RS Puram,2,4.25,2.5
Madhapur,2,4.3,2.5
"The Westin Sohna Resort & Spa, Sohna Road",2,3.55,4.0
Maharani Peta,2,3.6500000000000004,2.0
"Radisson Blu, Paschim Vihar",2,3.2,4.0
"Trident, Udyog Vihar",2,3.4,4.0
Vastrapur,2,3.95,2.5
V & A Waterfront,2,3.9499999999999997,4.0
Oxford Road,2,3.5,2.0
"ibis New Delhi, Aerocity",2,1.55,2.0
"World Trade Center Mall, Al Markaziya",2,4.45,4.0
Lava Hot Springs,2,3.6,1.0
"Lavender, Kallang",2,3.45,3.5
Lawsons Bay,2,3.7,2.0
Perdido Key,2,4.550000000000001,2.0
"West End Mall, Janak Puri",2,2.75,1.5
West Des Moines,2,4.1,2.5
Leblon,2,4.5,4.0
Old Palasia,2,3.9,3.0
"Pineslopes Shopping Centre, Fourways",2,4.35,4.0
"Vivanta by Taj, Sector 44, Gurgaon",2,3.9,4.0
Leme,2,4.2,3.0
Vikas Marg,2,1.7,1.0
"Victoria Wharf, V & A Waterfront",2,4.25,3.5
Powai,2,4.35,3.0
"Radisson Blu, Tajganj",2,3.8499999999999996,2.5
Vaishali Nagar,2,3.25,3.0
"Ninex City Mart Mall, Sohna Road",2,3.3499999999999996,2.0
"Radisson Hotel, Nadesar",2,3.3,3.5
"The Promenade, White Town",2,3.8,4.0
"Southern Park Mall, Saket",2,3.45,3.5
South City 1,2,0.0,2.0
Sahid Nagar,2,4.0,2.0
Siripuram,2,4.0,2.0
Sigra,2,3.35,2.0
Saibaba Colony,2,4.550000000000001,2.0
"Shopprix Mall, Sector 61, Noida",2,1.55,1.5
Sarjapur Road,2,4.2,3.0
Shanti Niketan Marg,2,3.0999999999999996,1.5
Senopati,2,4.300000000000001,3.0
Senapati Bapat Road,2,4.15,2.5
Sea Point,2,4.6,2.5
Nadesar,2,3.5,2.5
Sector 1,2,0.0,1.0
"Mosaic Hotels, Sector 18, Noida ",2,3.25,3.5
Moseley,2,2.0,2.5
Lal Kothi,2,4.15,2.0
Sector 55,2,1.45,1.0
Sector 54,2,3.15,2.5
"Sector 5, Salt Lake",2,4.25,3.0
Mills 50,2,4.5,2.0
"Menlyn Shopping Centre, Menlyn",2,3.7,3.5
"The Midland, Deansgate",2,4.25,3.5
"Sahara Mall, MG Road",2,3.0,2.5
"The Lodhi, Lodhi Road",2,3.3499999999999996,2.5
"The Habitare Hotel, Sector 14",2,3.0,2.5
Sector 40,2,1.7,1.0
"The Grand New Delhi, Vasant Kunj",2,3.45,4.0
"The Club Centre, Hazelwood, Near Waterkloof",2,4.3,4.0
Rep�_blica,2,4.35,4.0
"The Atrium, Suraj Kund",2,3.05,2.5
Navrangpura,2,4.2,2.0
T. Nagar,2,4.45,3.5
Marathahalli,2,4.5,3.0
Rusholme,2,4.1,2.0
Market Street,2,4.1,3.5
Surya Nagar,2,3.25,1.5
"SM Aura Premier, Bonifacio Global City, Taguig City",2,4.6,4.0
Mathura Road,2,2.1,2.5
Mayfair,2,4.6,4.0
"Suncity Business Tower, Golf Course Road",2,3.95,2.5
"SM by the Bay, Mall of Asia Complex, Pasay City",2,4.1,4.0
Sadar Bazar,2,3.1500000000000004,1.0
" ILD Trade Centre Mall, Sohna Road",2,3.05,1.5
"LuLu Mall, Edappally",2,4.25,2.0
"Bon Vivant, College Road",2,3.55,2.5
Anand Lok,2,3.8,2.0
Ames,2,4.7,2.0
"Ambience Mall, Gurgaon",2,4.15,3.5
Gurukul,2,4.05,2.0
"Bela Vista, Centro",2,4.45,4.0
"Best Western Skycity Hotel, Sector 15, Gurgaon",2,2.8499999999999996,3.5
Friends Colony,2,4.050000000000001,3.0
"Hotel Classic Diplomat, Mahipalpur",2,0.0,2.5
Kaloor,2,4.2,2.0
Clive,2,4.05,2.0
"Al Wahda Mall, Al Wahda",2,4.35,4.0
"Fortune Select Excalibur, Sohna Road",2,3.8,3.5
"Fortune Inn Grazia, Sector 27, Noida",2,3.3,3.5
Kapashera,2,3.2,2.0
Balgat,2,4.4,3.0
"Hotel Clark Inn, Sector 15",2,1.4,3.0
"Hotel City Park, Pitampura",2,3.3499999999999996,4.0
Consola�_��o,2,3.5999999999999996,3.5
Coralville,2,3.9499999999999997,2.0
"Hotel Broadway, Daryaganj",2,3.65,3.5
Al Nahda,2,3.3,2.5
"Country Inn & Suites by Carlson, Sector 12",2,3.25,3.0
City Centre,2,4.4,3.0
Chukkuwala,2,3.7,3.0
"Holiday Inn, Mayur Vihar",2,3.55,3.5
"Anil Plaza, Christian Basti",2,4.25,3.0
Hyatt Place Gurgaon,2,1.9,3.5
"Bambalapitiya, Colombo 04",2,2.9,2.5
Baner,2,3.95,3.5
Banjara Hills,2,4.800000000000001,3.0
Chandmari,2,4.4,2.0
"BMC Bhawani Mall, Sahid Nagar",2,4.0,2.0
"Ginger Hotel, Vivek Vihar",2,2.0,2.5
"Grand Indonesia Mall, Thamrin",2,4.35,3.0
"JMD Regent Arcade Mall, MG Road",2,3.2,3.0
Auroville,2,3.8,2.5
Gardens,2,4.45,3.5
"Hotel Regent Grand, Karol Bagh",2,1.5,2.0
Assi Ghat,2,3.55,2.5
Cheetham Hill,2,3.3,2.0
Candolim,2,4.0,3.0
"Jaypee Greens, Greater Noida, Noida",2,1.65,3.5
Basant Nagar,2,3.65,1.5
"Jaypee Siddharth, Rajendra Place",2,3.45,4.0
"Hotel Haute.Monde, Sector 15",2,2.8,3.0
Anna Nagar East,2,4.1,2.0
"Hotel Grenville, MG Road",2,1.4,2.5
Bryanston,2,4.4,3.5
Karanpur,2,3.9,3.0
Ellis Bridge,2,4.5,2.0
"DLF Emporio Mall, Vasant Kunj",2,3.65,3.0
Kirlampudi Layout,2,4.35,3.5
"DLF Star Mall, Sector 30",2,4.15,3.5
Hitech City,2,4.3,2.5
Deansgate,2,4.2,3.5
Al Mareija,2,4.15,3.0
"Eldeco Station 1 Mall, Sector 12, Faridabad",2,1.4,1.0
Borivali West,2,4.05,2.5
Edappally,2,4.1,1.5
East Village,2,4.5,1.5
Hepburn Springs,2,3.8,1.5
"Acropolis Mall, Kasba ",2,4.4,3.0
Dwaraka Nagar,2,4.25,1.5
Harmu,2,3.45,2.0
Kuru�_e��me,2,3.85,4.0
"Abu Dhabi Mall, Tourist Club Area  (Al Zahiyah)",2,4.6,4.0
K۱z۱lay,2,4.0,3.0
K�_�_�_k Esat,2,4.5,2.0
"Havelock Town, Colombo 05",2,4.15,2.5
Disney: Downtown Disney,2,4.5,3.5
"DoubleTree by Hilton, Sector 56",2,3.5,4.0
Lajpat Nagar 4,2,3.8,1.5
Faerie Glen,2,4.05,4.0
"ITC Mughal, Tajganj",2,4.15,4.0
"Crowne Plaza, Sector 29",2,3.8,4.0
Federal Street,2,4.699999999999999,3.5
Al Karama,2,4.199999999999999,2.0
Khajpura,2,3.5,2.5
"Kingdom of Dreams, Sector 29",2,3.7,2.5
"Holiday Inn Jaipur City Centre, Bais Godam",2,4.4,4.0
"Crowne Plaza Hotel, Rohini",2,3.6,3.5
"DDA Market, Kalu Sarai, Hauz Khas",2,1.5,1.0
"Crowne Plaza, Mayur Vihar Phase 1",2,3.35,4.0
Feroze Shah Road,2,2.1,1.0
Bhawar Kuan,2,3.9,3.0
Al Dhafrah,2,4.35,2.5
"Courtyard by Marriott, Sushant Lok",2,1.6,4.0
"Sungai Pinang, Rochor",1,3.8,3.0
"Solenad 3, Don Jose, Santa Rosa",1,4.0,3.0
Six Mile,1,4.0,2.0
C G Road,1,3.8,3.0
"Sky City Metro, Auckland CBD",1,4.0,3.0
"Slave Island, Colombo 02",1,4.1,2.0
Souq Waqif,1,4.7,4.0
"Cavendish Square, Claremont",1,4.1,4.0
Sudoeste,1,3.6,2.0
Small Heath,1,3.1,1.0
"Sofitel Philippine Plaza Manila, Pasay City",1,4.9,4.0
"T3 Domestic Arrival, Aerocity",1,3.2,1.0
"Bryanston Shopping Centre, Bryanston",1,4.4,4.0
Cavelossim,1,4.6,4.0
Smethwick,1,3.8,2.0
Bonifacio Global City,1,4.4,4.0
"Spring City Mall, Doranda",1,3.5,2.0
"Caravan Complex, Al Hilal",1,3.6,3.0
"CMR Central Mall, Maddilapalem",1,4.6,2.0
"Brindleyplace, Broad Street",1,4.0,3.0
"Spot 18 Mall, Pimple Saudagar",1,3.6,4.0
"CITY WALK, Al Safa",1,4.5,3.0
Caddebostan,1,4.9,4.0
Brindleyplace,1,3.7,1.0
"Bras�_lia Shopping, Asa Norte",1,4.2,4.0
Braselton,1,4.4,2.0
Calangute,1,3.7,3.0
Sparkhill,1,3.7,3.0
"Boundary Street, Shoreditch",1,4.5,3.0
"Status Club, Kanpur Cantonment",1,4.3,4.0
"Calangute Beach, Calangute",1,4.3,4.0
Camac Street Area,1,4.4,3.0
"Broadwick Street, Soho",1,4.7,4.0
Southern Avenue,1,4.0,3.0
South Sioux City,1,3.5,4.0
Sylvester,1,3.4,1.0
Borivali East,1,4.0,3.0
"Cantonment Road, Outram",1,3.8,4.0
Sunderpur,1,3.5,3.0
Lakeview,1,3.6,1.0
Cengkareng,1,4.9,3.0
"Cyber Greens, DLF Cyber City",1,2.8,2.0
Clatskanie,1,4.3,1.0
Clearwater,1,4.6,2.0
Cochrane,1,3.1,2.0
Sector 6,1,3.1,1.0
Colmore Business District,1,4.5,4.0
"Conduit Street, Mayfair",1,4.5,4.0
Consort,1,3.0,2.0
"Country Inn & Suites By Carlson, Udyog Vihar",1,3.5,4.0
"Country Inn & Suites by Carlson, Gurgaon",1,3.8,3.0
"Country Inn & Suites, Sohna Road",1,3.4,3.0
"Courtyard By Marriott, Satellite",1,3.6,3.0
"Courtyard by Marriott Agra, Tajganj",1,4.0,4.0
Covent Garden,1,4.1,2.0
"Crowne Plaza Abu Dhabi, Al Markaziya",1,4.4,4.0
"D'arblay Street, Soho",1,4.5,3.0
Claremont,1,3.9,3.0
DIFC,1,4.9,4.0
Dago,1,4.2,3.0
"Dalma Mall, Mussafah Sanaiya",1,4.0,3.0
Dayal Bagh,1,0.0,1.0
De Waterkant,1,4.0,3.0
Deccan Gymkhana,1,4.8,3.0
"Dehiwala, Colombo",1,3.5,2.0
Deira City Centre Area,1,4.9,3.0
"Devraj Niwas, Bani Park",1,4.0,3.0
Dhantoli,1,4.3,3.0
Dicky Beach,1,3.6,1.0
Digbeth,1,3.8,2.0
Dikmen,1,4.5,3.0
Disney World Area,1,4.5,3.0
Clarkesville,1,4.1,1.0
Sector 70,1,4.3,2.0
"Centaur Hotel, Aerocity",1,0.0,3.0
Shastri Nagar,1,4.6,2.0
"Central Arcade, DLF Phase 2, Gurgaon",1,3.9,2.0
"Silver Spring Arcade, Science City Area",1,4.1,3.0
"Silver Arc Mall, Gurdev Nagar",1,3.8,3.0
Centro,1,4.8,4.0
"Century City Mall, Poblacion, Makati City",1,4.8,3.0
Chandigarh Industrial Area,1,3.7,2.0
"Shopping Morumbi, Santo Amaro",1,0.0,2.0
"Shopping Metr�� Santa Cruz, Vila Mariana",1,0.0,3.0
"Shopping Iguatemi, Lago Norte",1,3.3,4.0
Shivala,1,3.5,4.0
"Charlotte Street, Fitzrovia",1,4.6,3.0
Chatham-Kent,1,3.7,2.0
Sheikh Sarai,1,3.1,1.0
Shastri Park,1,0.0,2.0
Chatsworth,1,3.9,1.0
City and Suburban,1,4.9,4.0
Chelsea,1,4.7,4.0
Chhatarpur,1,2.7,2.0
Bonaire,1,3.9,2.0
Shahgunj,1,3.3,2.0
"Chinatown, Outram",1,3.1,4.0
Setor De Clubes Esportivos Sul,1,4.9,4.0
Chittoor Road,1,4.6,3.0
"Chokhi Dhani Village Resort, Tonk Road",1,4.3,3.0
Chubbuck,1,3.5,3.0
Church Street District,1,4.4,3.0
"City Center, Parijat Nagar",1,3.8,4.0
Sector 83,1,3.2,1.0
"City Centre Mall, Rohini",1,3.4,3.0
"City Hall, Downtown Core",1,3.8,4.0
Chicalthana,1,3.3,3.0
"The Crown, Nayapalli",1,4.3,3.0
Tagaytay City,1,4.5,3.0
Urca,1,4.3,3.0
"Al Qasba, Al Khan",1,4.2,4.0
Al Nud,1,4.2,3.0
Vila Maria,1,4.4,4.0
Vila Mariana,1,4.6,3.0
Vila S��nia,1,4.1,4.0
Vile Parle East,1,3.6,3.0
"Villa Shanti, White Town",1,3.9,4.0
Viman Nagar,1,4.1,3.0
"Vinayak City Centre Mall, Civil Lines",1,3.3,3.0
Vineland Station,1,4.3,4.0
Al Nasr,1,3.8,4.0
Vivekanand Nagar,1,3.8,3.0
Al Mushrif,1,4.2,3.0
Al Muntazah,1,3.8,3.0
Vyttila,1,3.6,2.0
Vidhyadhar Nagar,1,3.7,2.0
"Victoria, Rochor",1,3.2,4.0
"Alam Sutera Town Center, Serpong Utara",1,3.7,3.0
Aminabad,1,4.9,1.0
"Archer Street, Soho",1,4.5,3.0
Arambol,1,4.6,3.0
"Anjuna Beach, Anjuna",1,3.5,4.0
Vagator,1,4.2,4.0
"Andaz Delhi, Aerocity",1,3.0,3.0
Anandpuri,1,3.5,2.0
Ambavadi,1,4.2,3.0
Victor Harbor,1,3.6,2.0
Alum Rock,1,2.8,1.0
"Venetian Village, Al Maqtaa",1,4.9,4.0
Vernonia,1,4.3,1.0
"Versova, Andheri West",1,4.1,3.0
"Albemarle Street, Mayfair",1,4.7,4.0
"Vibe by The LaLit Traveller, Mathura Road",1,3.3,3.0
Wakad,1,4.4,3.0
"Walker's Court, Soho",1,4.6,3.0
Waltair Uplands,1,4.4,3.0
Yorkton,1,3.3,2.0
Addition Hills,1,4.2,3.0
"Worldmark 3, Aerocity",1,0.0,2.0
Wynyard Quarter,1,4.6,4.0
YN Road,1,4.0,3.0
"Yas Mall, Yas Island",1,4.6,4.0
Ybor City,1,4.4,3.0
Y۱ld۱zevler,1,4.7,2.0
"Woods Resort, Gurgaon",1,3.2,3.0
"Z Square Mall, Mall Road",1,4.0,3.0
Aaya Nagar,1,0.0,2.0
"ARSS Mall, Paschim Vihar",1,3.1,2.0
�ayyolu,1,4.3,2.0
"A Hotel, Gurdev Nagar",1,3.6,2.0
�ukurambar,1,3.4,2.0
Adyar,1,4.2,2.0
Aggar Nagar,1,3.5,3.0
Al Khan,1,4.3,3.0
Al Doha Al Jadeeda,1,3.4,3.0
"Waterfall Corner Mall, Midrand",1,3.8,4.0
"Waterglen Shopping Centre, Garsfontein",1,4.0,3.0
Al Hilal,1,4.2,4.0
Al Ghanim,1,4.0,3.0
Weirton,1,3.9,2.0
"Al Emadi Financial Square, Al Hilal",1,4.6,4.0
"West Gate Mall, Rajouri Garden",1,3.5,3.0
Windermere,1,4.9,3.0
West Park,1,4.9,4.0
Al Barari,1,3.9,3.0
"Westend Mall, Rajguru Nagar",1,3.9,3.0
Akashwani,1,3.6,3.0
Ain Khalid,1,3.4,4.0
Winchester Bay,1,3.2,2.0
"Armada AVM, S�_���_t�_z�_, Yenimahalle",1,4.2,3.0
Urbandale,1,3.8,2.0
Tagore Town,1,3.5,2.0
Armidale,1,3.5,2.0
"The Fern, Sola",1,4.1,3.0
"The Galgotias, Sector 23",1,2.7,3.0
"The Gate, Dafna",1,3.9,4.0
"Best Western Taurus Hotel, Mahipalpur",1,2.7,3.0
Beechworth,1,4.6,2.0
Bebek,1,4.9,2.0
Beaverdale,1,4.5,3.0
"The Landmark Hotel, Mall Road",1,3.9,4.0
"The Langham Hotel, Auckland CBD",1,4.7,4.0
"Beak Street, Soho",1,4.9,2.0
"Bayfront Subzone, Downtown Core",1,4.0,4.0
"Bayfront Avenue, Downtown Core",1,3.4,4.0
"The Mailbox, Broad Street",1,4.0,2.0
The Milk District,1,4.9,2.0
"The Oberoi, Udyog Vihar",1,3.2,4.0
Betalbatim,1,4.4,4.0
Diwalipura,1,3.8,3.0
Be��ikta�� Merkez,1,4.2,3.0
"BluPetal Hotel, Koramangala",1,4.1,3.0
Bogor Utara,1,4.0,3.0
Bogor Timur,1,3.7,2.0
"Taman Impian Jaya Ancol, Ancol",1,4.9,3.0
Tanjung Duren,1,3.4,3.0
Tanunda,1,4.4,3.0
"Tavistock Court, Covent Garden",1,4.1,2.0
Tebet,1,4.0,3.0
Bhavathi,1,4.2,2.0
"Telok Ayer Street, Outram",1,3.9,3.0
Thaltej,1,4.1,3.0
Thamrin,1,4.3,3.0
Blackfoot,1,3.7,1.0
"Bishopsgate, City Of London",1,4.9,3.0
"The Claremont, MG Road",1,3.0,4.0
"The Ocean Pearl, Kodailbail",1,3.7,2.0
"Barwa Towers, Al Sadd",1,4.9,4.0
"The Park, Lawsons Bay",1,3.8,4.0
Azad Nagar,1,4.0,2.0
Tughlakabad Institutional Area,1,3.7,2.0
"Twelve Picardy Place, New Town",1,4.2,4.0
"BGC Stopover Pavillion, Bonifacio Global City",1,4.5,2.0
Tybee Island,1,3.8,3.0
UB City,1,4.4,3.0
"UP Town Center, Diliman, Quezon City",1,4.8,3.0
Attavar,1,3.6,2.0
BRS Nagar,1,4.1,3.0
Athlone,1,3.7,3.0
Umm Hurair,1,4.3,3.0
Unit 4,1,3.5,1.0
Asmal۱mescit,1,4.7,2.0
Ashram Road,1,3.7,4.0
Arya Nagar,1,3.3,2.0
Trilokpuri,1,0.0,1.0
Trentham East,1,4.1,2.0
"The Pllazio Hotel, Sector 29",1,3.6,4.0
"The Westin Doha Hotel & Spa, Fereej Bin Mahmoud",1,4.3,4.0
Barsha 2,1,4.5,3.0
"The Royal Retreat, Bariatu",1,3.5,3.0
"The Sapphire Mall, Sohna Road",1,3.3,2.0
"The St. Regis, Westbay",1,4.4,4.0
Barra da Tijuca,1,4.0,4.0
Balmoral,1,4.3,2.0
Balingup,1,3.2,2.0
Trade Centre Area,1,3.7,3.0
Tijuca,1,4.6,3.0
Tilak Marg,1,0.0,1.0
"Balewadi High Street, Balewadi",1,4.5,3.0
Tollcross,1,4.0,2.0
Tonk Road,1,4.3,3.0
Badkal Lake,1,0.0,1.0
Dispur,1,4.1,2.0
"Express Avenue Mall,  Royapettah",1,4.8,3.0
Doora,1,4.2,1.0
Mohan Nagar,1,4.4,3.0
Mondha,1,3.5,1.0
Monroe,1,3.6,2.0
Montville,1,2.4,3.0
"JMD Megapolis Mall, Sohna Road",1,3.4,1.0
Ittige Gudu,1,3.8,4.0
Inverloch,1,3.7,1.0
Mt Albert,1,4.4,3.0
"International Business Center, Piplod",1,4.2,3.0
Mt Victoria,1,4.1,3.0
"Infiniti Hotel, Vijay Nagar",1,4.1,4.0
Indraprastha Colony,1,0.0,1.0
Musheireb,1,3.8,3.0
"Mushrif Mall, Al Mushrif",1,4.0,4.0
Mussafah Sanaiya,1,4.0,2.0
Muwailih Commercial,1,4.8,3.0
JP Nagar,1,4.6,2.0
Moema,1,3.9,4.0
Dr. Zakir Hussain Marg,1,2.9,1.0
JW Marriott New Delhi,1,3.3,4.0
"Jukaso It Suites, Sector 14",1,2.8,3.0
Juhu,1,3.8,3.0
Jor Bagh,1,3.1,1.0
Mc Millan,1,2.4,1.0
Johnston,1,4.0,1.0
"Melrose Arch, Melrose ",1,4.1,4.0
"Menlyn Boutique Hotel, Menlyn",1,4.4,4.0
"Menlyn Maine, Waterkloof Glen",1,3.9,4.0
Jewellery Quarter,1,4.1,4.0
Meridian,1,4.0,2.0
Middleton Beach,1,3.8,3.0
Mission Bay,1,2.3,4.0
Moda,1,4.0,2.0
Model Town 1,1,3.8,1.0
Jagadamba Junction,1,3.7,1.0
Mylapore,1,4.0,3.0
Indian Rocks/Indian Shores,1,4.2,3.0
Illovo,1,4.2,3.0
IIT Kanpur,1,3.5,2.0
"Nicolway Shopping Centre, Bryanston",1,4.6,4.0
"Hotel Maurya, Lodipur",1,3.7,4.0
"Hotel Intercontinental Doha, Westbay",1,3.7,4.0
"North Bridge Road, Rochor",1,3.2,4.0
Northeast St Petersburg,1,4.5,3.0
"Hotel GreenPark, Vizag",1,4.4,3.0
"Nuvali, Don Jose, Santa Rosa",1,3.6,3.0
Nyay Nagar,1,3.2,2.0
Ohri' Hitech City,1,4.1,3.0
Ojo Caliente,1,3.6,3.0
"Hotel Green Olive, Nirala Bazar",1,3.6,3.0
"Hotel Express Towers, Alkapuri",1,4.0,2.0
"Old Dutch Hospital, Fort",1,4.9,4.0
"Hotel De Pondicherry, White Town",1,3.5,4.0
"Hotel Clarks Amer, Malviya Nagar",1,4.9,4.0
Newmarket,1,3.5,4.0
Newlands,1,4.5,2.0
"Hotel Novotel, Maharani Peta",1,4.1,4.0
Huskisson,1,4.1,2.0
Nampa,1,4.4,3.0
"IBIS Hotel, Golf Course Road",1,2.7,3.0
Nanpura,1,3.9,2.0
"Hyatt Regency, Rajguru Nagar",1,4.3,4.0
"Nassima Royal Hotel, Trade Centre Area",1,4.9,4.0
Navarre,1,4.2,2.0
"Hotel Unique, Jardim Paulista",1,4.8,4.0
New Tampa,1,4.9,3.0
"Neil Road, Outram",1,3.1,4.0
"Nelson Mandela Square, Sandown",1,4.3,4.0
Nerul,1,3.7,4.0
"Hotel Shangri-La, Sudirman",1,4.6,3.0
New BEL Road,1,4.6,2.0
Hotel Royal Cliff,1,4.0,4.0
Mayfield,1,2.9,2.0
"Mayfair Lagoon, Jayadev Vihar",1,4.1,3.0
Jumeirah 1,1,4.5,3.0
Khandari,1,3.6,3.0
"Little Tokyo, Legaspi Village, Makati City",1,4.5,3.0
Koramangala 6th Block,1,4.3,1.0
Kondapur,1,4.2,3.0
Kohefiza,1,3.8,2.0
Kodailbail,1,4.1,3.0
"Kite Beach, Umm Suqeim",1,4.3,3.0
"Long Acre, Covent Garden",1,3.8,2.0
Lorn,1,3.6,2.0
Lorne Street,1,4.2,4.0
Kingman Place Historic District,1,4.3,2.0
"12th Square Building, Banjara Hills",1,4.3,3.0
Lyall Bay,1,4.3,3.0
Lynnwood,1,4.3,4.0
"M Cube Mall, Vadiwadi",1,3.8,3.0
Kilpauk,1,4.6,1.0
Little Baguio,1,4.3,3.0
"Linking Road, Bandra West",1,3.8,3.0
Linden,1,4.3,3.0
"Le Monde, Barra da Tijuca",1,4.0,4.0
Lagoa,1,4.3,3.0
Lago Sul,1,3.6,4.0
Law College Road,1,4.0,3.0
LaFayette,1,3.7,1.0
Le Mars,1,3.7,3.0
Kuvempunagar,1,3.5,2.0
Ko��uyolu,1,4.2,3.0
"Lexington Street, Soho",1,4.9,2.0
Kotturpuram,1,4.1,3.0
"Kota Kasablanka, Tebet",1,4.4,3.0
Koramangala 7th Block,1,4.5,3.0
"Lemon Tree Premier, Aerocity",1,3.5,3.0
"Lemon Tree Premier, Sector 29",1,3.2,4.0
Levenshulme,1,3.9,2.0
Kidderpore,1,4.6,2.0
Kenwood,1,4.9,1.0
K Hotel,1,0.0,3.0
"Kentpark AVM, ��niversiteler, �ankaya",1,4.2,3.0
"Mall of Qatar, Al Gharafa",1,4.0,4.0
"Mall of the Emirates, Barsha 1",1,4.3,3.0
Malsi,1,3.9,3.0
Maltepe,1,4.4,3.0
Kailua Kona,1,4.7,3.0
"Mani Square Mall, Kankurgachi",1,3.9,3.0
Mankhool,1,4.4,3.0
Mansingh Road,1,0.0,1.0
Kahuku,1,4.5,2.0
Kad۱k�_y Merkez,1,3.7,3.0
Marion,1,4.7,2.0
Kadru,1,3.6,3.0
Marshalltown,1,4.9,4.0
KS Rao Nagar,1,3.7,3.0
"Maurya Lok, Fraser Road Area",1,3.6,2.0
Kankanady,1,3.7,4.0
"Majiwada, Thane West",1,3.9,3.0
"Majaz Waterfront, Al Majaz 3",1,3.9,4.0
"Kay Siang Road, Tanglin",1,3.2,3.0
MVP Colony,1,4.1,2.0
Macedon,1,3.5,2.0
Kelapa Gading,1,4.2,3.0
Macunk�_y,1,4.3,2.0
Maddilapalem,1,3.5,2.0
Madeira Beach/Redington Beach,1,4.5,3.0
Madinat Zayed,1,3.6,2.0
Karkhana,1,4.4,2.0
"Madinat Zayed Shopping Centre, Madinat Zayed ",1,4.5,3.0
Madureira,1,0.0,3.0
Kavakl۱dere,1,4.3,3.0
Kaushambi,1,0.0,1.0
Kashmiri Gate,1,3.3,2.0
"Kasbah, Greater Kailash (GK) 1",1,4.5,4.0
"Omaxe Celebration Mall, Sohna Road, Gurgaon",1,2.2,2.0
"One and Only Hotel, V & A Waterfront",1,4.0,4.0
"Hotel Capitol Hill, Hindpiri",1,3.7,3.0
"SMS Hotel, Peelamedu",1,4.3,1.0
Ravet,1,4.2,3.0
Renaissance Lucknow Hotel,1,4.2,4.0
Gajapati Nagar,1,3.7,2.0
Residency Road,1,4.2,3.0
Restaurant Row,1,4.4,4.0
Gachibowli,1,3.8,3.0
"Riverside Mall, Gomti Nagar",1,4.7,4.0
"Robertson Quay, Singapore River",1,3.2,4.0
Rock Spring,1,4.1,1.0
Fountainbridge,1,3.9,3.0
Rosebank,1,4.5,4.0
"Royal Inn, Hazratganj",1,4.2,3.0
Rushikonda,1,4.0,2.0
"Fortune Select Global, MG Road",1,2.6,4.0
"Fort, Colombo 01",1,4.0,4.0
"Rave Moti, Kakadeo",1,3.8,3.0
"Rave 3, Tilak Nagar",1,3.9,4.0
"Galeria River, Copacabana",1,4.8,3.0
Rajguru Nagar,1,3.9,3.0
Ghatlodia,1,4.3,3.0
"Radisson Blu, Sector 18, Noida",1,3.5,4.0
"Ghanem Business Center, Fereej Bin Mahmoud",1,4.0,4.0
Garsfontein,1,4.3,4.0
"Rajagiriya, Colombo",1,4.1,3.0
"Garden of Five Senses, Saket",1,4.2,4.0
Gandhipuram,1,4.6,3.0
"Ramee Guestline Hotel, Juhu",1,4.0,3.0
Gandhi Nagar,1,3.3,3.0
"Gandaria City Mall, Gandaria",1,3.9,3.0
Rakabganj,1,4.1,2.0
"Ramada Gurgaon Central, Sector 44",1,3.5,3.0
Ramapuram,1,4.4,2.0
Ramdaspeth,1,4.0,3.0
Fort Street,1,4.9,1.0
"SRS Mall, Sector 12, Faridabad",1,0.0,1.0
"Radisson Blu Hotel, Vijay Nagar",1,3.8,4.0
"SSK Solitaire, Satpur",1,3.4,3.0
Satwa,1,4.4,3.0
Lakes Entrance,1,3.8,1.0
Emirg��n,1,4.2,3.0
Sayaji Hotel,1,4.3,4.0
"Sayaji Hotel, Vijay Nagar",1,4.3,4.0
Emek,1,4.4,3.0
Elgin,1,4.0,3.0
"Edsa Shangri-La, Ortigas, Mandaluyong City",1,4.4,4.0
Edgbaston,1,4.0,3.0
Sector 127,1,0.0,1.0
East Ballina,1,4.1,2.0
"Sector 15, Dwarka",1,3.1,1.0
"Duxton Hill, Outram",1,3.9,4.0
Durga Puri,1,2.9,1.0
Dubai Media City,1,4.8,3.0
Fairground,1,4.1,4.0
Fatmawati,1,4.6,3.0
Sarabha Nagar,1,4.2,2.0
Forrest,1,3.7,2.0
Sadar,1,4.2,3.0
Sadar Bazaar,1,4.0,2.0
Fort Kochi,1,4.2,2.0
Fort,1,4.2,3.0
Sagar Nagar,1,3.6,2.0
"Sahara Centre, Al Nahda",1,4.1,4.0
Flaxton,1,3.5,3.0
Santhome,1,4.3,2.0
Festival City,1,4.5,4.0
Sainikpuri,1,4.6,2.0
Fernley,1,3.7,1.0
Sanford,1,4.8,3.0
Fereej Bin Mahmoud,1,4.3,2.0
Santa Teresa,1,4.7,4.0
"Radisson Blu, Hindpiri",1,3.4,4.0
"Glenfair Boulevard, Lynnwood  ",1,3.8,4.0
PAU,1,3.5,3.0
Penrose,1,4.5,3.0
Haymarket,1,4.5,2.0
"Park Plaza, Sector 21, Faridabad",1,3.0,3.0
Hathi Gate,1,4.0,1.0
"ParkShopping, Guar�� I",1,4.0,4.0
Parktown North,1,4.2,4.0
Parnell,1,4.0,3.0
Harborne,1,4.2,2.0
Handsworth,1,3.6,2.0
Hampankatta,1,3.6,2.0
Patliputra Colony,1,3.5,3.0
Hamilton,1,4.4,3.0
Paynesville,1,2.6,4.0
Halwan Suburb,1,3.8,4.0
Peer Gate Area,1,4.1,2.0
Penjaringan,1,4.9,3.0
"Park Inn, Sector 15, Gurgaon",1,3.2,3.0
"Park Ascent, Sector 62, Noida",1,0.0,4.0
Parijat Nagar,1,3.8,4.0
Palm Cove,1,4.4,3.0
"Pacific Mall, Jakhan",1,3.9,3.0
"Holiday Inn, Aerocity",1,3.3,3.0
"Pai Hotels, Doora",1,3.7,3.0
Paia,1,4.9,4.0
Holiday Inn Express & Suites,1,4.3,3.0
Palarivattom,1,4.2,2.0
Palma Ceia,1,4.7,3.0
Parade,1,3.9,1.0
Paltan Bazaar,1,3.9,3.0
"Hillcrest, Bukit Timah",1,4.1,4.0
"Hill Road, Bandra West",1,4.1,3.0
Heritage Town,1,3.7,2.0
Panchvati,1,3.5,3.0
Henderson,1,4.5,3.0
Penola,1,3.4,2.0
"Haji Lane, Rochor",1,4.2,2.0
Godaulia,1,4.1,1.0
HIG-LIG,1,4.1,1.0
Greater South Side,1,4.1,1.0
Prahlad Nagar,1,4.5,3.0
Pratap Nagar,1,4.5,2.0
"Grand Hotel, MG Road",1,4.2,3.0
"Gourmet Hub, Pashim Vihar",1,3.4,2.0
Gopalapuram,1,4.2,1.0
Princeton,1,4.0,4.0
"Prozone Mall, Chicalthana",1,3.4,2.0
Golpark,1,4.2,2.0
"Quest Mall, Ballygunge",1,4.4,3.0
Golf Course,1,0.0,2.0
"Goldfinch Hotel, Balmatta",1,3.5,4.0
"R Deccan Mall, JM Road",1,4.5,3.0
"Golden Square, City Light",1,3.7,3.0
RA Puram,1,4.3,3.0
"Greenlyn Village, Menlopark, Near Lynnwood",1,4.4,3.0
Potrero,1,3.3,2.0
"Post Office Center, Illovo",1,4.4,4.0
Gulmohar Colony,1,3.8,2.0
G��vea,1,4.9,4.0
Perungudi,1,3.8,2.0
Phillip Island,1,3.7,2.0
"Phoenix Market City, Viman Nagar",1,4.5,3.0
"Piccadily Hotel, Janakpuri",1,2.6,4.0
Pinheiros,1,4.3,4.0
Grovetown,1,4.2,1.0
"Portman Mews South, Marble Arch",1,4.5,3.0
"Plaza Festival, Kuningan",1,4.3,3.0
"Plaza Mall, MG Road",1,3.0,4.0
Greenside,1,4.3,4.0
Podanur,1,3.8,2.0
Pondok Aren,1,4.9,3.0
"Pont��o Lago Sul, Lago Sul",1,3.2,4.0
��mitk�_y,1,4.2,3.0
